"item2","item4"
"item2","item6"
"item2","item3","item4","item6","item8"
"item2","item5","item8"
"item2","item4","item5","item8"
"item1","item4"
"item2","item6","item8"
"item2","item3","item5"
"item6","item7"
"item2","item4","item5","item8"
"item2","item8"
"item2","item3","item8"
"item4","item5","item8"
"item1","item3","item5","item8"
"item1","item2","item3","item5","item6","item8"
"item3","item4","item7"
"item2","item6"
"item2","item8"
"item1","item3","item5","item8"
"item2","item3","item4","item6","item7","item8"
"item2"
"item1","item2"
"item1","item4"
"item2","item4","item8"
"item2","item3"
"item2","item3","item6","item8"
"item1","item2","item3","item5","item6","item8"
"item2","item3","item4","item6"
"item2","item3","item6"
"item2","item3","item4","item5","item6","item8"
"item1","item2","item5"
"item2","item3","item5","item6","item7","item8"
"item2","item4","item5"
"item2","item4","item7","item8"
"item2","item3","item8"
"item2","item3","item4","item5","item6","item7","item8"
"item1","item2","item4","item5","item6","item7"
"item2","item4","item7"
"item2","item3","item4","item6"
"item4","item7"
"item2","item5","item8"
"item2","item3","item5"
"item2"
"item2","item3","item5","item6"
"item1","item2","item5","item6","item7","item8"
"item2","item4","item5","item8"
"item2","item3","item4","item5","item6","item7","item8"
"item2","item3","item4","item5","item7","item8"
"item2","item6"
"item2","item4","item5","item8"
"item1","item2","item5","item6","item8"
"item2","item4","item8"
"item1","item2","item3","item5","item6","item8"
"item2","item8"
"item2","item8"
"item1","item2","item3","item4","item5","item6"
"item1","item2","item3","item4","item8"
"item2","item4","item6","item8"
"item1","item4"
"item4"
"item8"
"item2","item3","item4","item7","item8"
"item2","item3","item6","item7","item8"
"item2","item6"
"item1","item4"
"item7"
"item1","item2","item4","item5","item8"
"item1","item8"
"item1","item2","item3","item4","item5","item6","item7","item8"
"item4","item6"
"item1","item2","item5"
"item1","item2","item3","item4","item5"
"item2","item3","item6"
"item4","item7"
"item2","item8"
"item1","item2","item3","item4","item5","item6","item7","item8"
"item3","item5","item8"
"item2","item5"
"item1","item2","item5","item8"
"item3"
"item2"
"item2","item3","item5","item6"
"item1","item3","item4"
"item2"
"item1","item3","item5","item8"
"item2"
"item2"
"item1","item3","item4"
"item5","item8"
"item2","item4","item5","item8"
"item1","item6"
"item2","item4","item8"
"item1","item4"
"item2","item3","item4","item6","item8"
"item2","item4","item6","item8"
"item1","item3","item4","item5","item7","item8"
"item4"
"item3"
"item1","item2","item3","item5","item6"
"item1","item2","item3","item5","item6","item8"
