"item1","item4","item6"
"item1","item4","item6","item9","item11"
"item4","item6"
"item2","item4","item6","item9"
"item6","item11"
"item1","item6","item11"
"item1","item4","item8"
"item4","item8","item9","item11"
"item1","item6","item11"
"item4","item6","item9"
"item1","item4","item6","item9","item10","item11"
"item1","item4","item7","item11"
"item1","item6","item7","item9"
"item1","item3","item4","item6","item9"
"item9","item10"
"item4","item6","item9","item10"
"item1","item4","item5","item6","item9","item10"
"item4","item6","item9","item10"
"item1","item6"
"item1","item6","item11"
"item9","item11"
"item10"
"item2","item3","item4","item6","item8","item10"
"item2","item4"
"item1","item4","item6","item10","item11"
"item1","item4","item6","item10","item11"
"item1","item4","item5","item9","item10"
"item1","item4","item7"
"item1","item4","item6","item10"
"item1","item3","item4","item6","item10","item11"
"item3","item4","item6"
"item4","item5","item6","item11"
"item1","item4","item6","item11"
"item1","item4","item8"
"item4","item9","item10"
"item1","item4","item6","item10"
"item1","item2","item4","item6","item8","item9"
"item4","item6"
"item1","item4","item6","item9","item11"
"item1","item4","item6","item9","item10","item11"
"item2","item4","item6"
"item2","item4","item6","item8","item9"
"item4","item6","item9","item10"
"item1","item4","item6","item11"
"item4","item6","item8"
"item4","item7","item9"
"item4","item8","item10"
"item1","item4","item6","item11"
"item2","item3","item4","item6","item10"
"item4"
"item4","item7","item11"
"item1","item4","item6"
"item1","item6","item11"
"item4","item6","item11"
"item4","item7","item9"
"item1","item10","item11"
"item9"
"item2","item4","item6"
"item4","item6","item11"
"item1","item6","item11"
"item1","item4"
"item1","item11"
"item1","item4","item9","item10","item11"
"item1","item4","item9"
"item6"
"item1","item4","item6"
"item4","item10","item11"
"item4","item8","item11"
"item1","item4","item6"
"item6"
"item1","item4","item9","item11"
"item1","item11"
"item10"
"item1","item4"
"item1","item4","item8"
"item1","item4","item6","item11"
"item4","item6"
"item1","item6","item7","item11"
"item4"
"item1","item4","item6","item11"
"item2","item6"
"item4","item6","item9","item11"
"item1","item4","item8"
"item1","item4","item6","item9","item10","item11"
"item4","item6","item9"
"item4"
"item1","item4","item6","item7","item9"
"item4","item5"
"item2","item4","item6"
"item2","item4","item6","item10"
"item1","item3","item4","item11"
"item4","item9"
"item4","item6","item9"
"item4","item6"
"item4","item11"
"item4","item9"
"item4","item6"
"item4","item6"
"item4","item6","item11"
"item1","item4","item6","item11"
