"item2","item3","item4","item6","item8","item9"
"item1","item2","item3","item4","item6","item9"
"item6","item9"
"item2"
"item2","item3","item5"
"item2","item4","item9"
"item2","item5","item6"
"item2","item6","item9"
"item5","item6"
"item2","item4","item9"
"item2","item3","item5","item9"
"item2","item5","item8"
"item1","item2","item3","item4","item5","item6","item9"
"item2","item4","item6","item9"
"item2","item5","item6"
"item1","item2","item9"
"item1","item2","item6","item9"
"item1","item4","item6"
"item2","item9"
"item1","item2","item4"
"item5","item9"
"item1","item2","item3","item4"
"item2","item5","item9"
"item2","item4"
"item2","item3","item9"
"item2","item5","item9"
"item4"
"item1"
"item2","item4"
"item2","item5"
"item4","item9"
"item2","item5","item9"
"item2","item3","item6","item9"
"item2","item4","item9"
"item2","item5","item6","item9"
"item1","item2","item4","item9"
"item4","item5"
"item2","item9"
"item2","item4","item6","item8"
"item2","item3","item6","item9"
"item2","item6"
"item2","item5","item9"
"item2","item3","item6","item9"
"item1","item2","item5","item6","item9"
"item2","item5"
"item1","item2","item3","item4","item8"
"item1","item2","item4","item5","item6","item9"
"item2","item4","item6"
"item2","item3","item5","item6","item9"
"item1","item3","item4","item6","item9"
"item2","item3","item5","item6","item9"
"item2","item4","item5","item9"
"item2","item4","item5","item6"
"item2","item3","item5","item6","item8","item9"
"item1","item2","item4"
"item2","item4","item6"
"item2","item5","item6","item8"
"item4","item9"
"item2","item3","item4","item6","item8","item9"
"item2","item3","item6","item9"
"item2","item6"
"item2","item3","item4"
"item1","item2","item3","item4","item5","item6","item9"
"item6","item8","item9"
"item2","item4","item6"
"item1","item2","item6","item9"
"item4"
"item2","item5","item9"
"item1","item2","item4","item9"
"item2","item6","item9"
"item2","item3","item4","item8"
"item1","item2","item4","item6","item9"
"item1","item2","item4"
"item2","item6"
"item2","item9"
"item2","item6","item9"
"item2","item3","item9"
"item2","item4","item6","item8","item9"
"item1","item2","item4","item5","item6","item9"
"item2","item5"
"item1","item2","item4","item6"
"item4","item5","item6"
"item6","item8"
"item2","item6"
"item2","item3","item4","item8"
"item1","item2","item4","item9"
"item1","item2","item4","item5"
"item2"
"item1","item4","item9"
"item1","item3","item4","item6"
"item3"
"item2","item4","item8"
"item2","item9"
"item2","item5","item6","item9"
"item1","item2","item4","item5","item6","item9"
"item2","item5"
"item4","item5","item6","item9"
"item2","item5","item9"
"item2","item4","item8"
"item2","item6"
"item1","item6"
"item1","item2","item4","item9"
"item2"
"item2","item4","item6","item8"
"item2","item5","item6","item8"
"item1","item3","item4","item6","item9"
"item2","item4","item6","item8"
"item2","item4","item6","item8"
"item1","item3","item8","item9"
"item2","item4","item6"
"item2"
"item2","item3"
"item2","item3","item4","item8"
"item5","item9"
"item2","item5"
"item5","item6"
"item1","item2","item6","item9"
"item2","item4","item5","item6"
"item1","item9"
"item6","item9"
"item1","item2","item4","item5","item6","item8"
"item5","item9"
"item1","item2","item9"
"item1","item2","item4","item9"
"item1","item2","item4"
"item2","item3","item9"
"item2","item5"
"item2","item3","item4","item8","item9"
"item2","item5"
"item2","item3","item4","item8"
"item2","item6","item9"
"item4"
"item1","item2","item3","item5","item9"
"item1","item2","item3","item4","item5","item6","item9"
"item1","item2","item4","item5","item9"
"item1","item3","item4","item6"
"item1","item2","item9"
"item2","item6","item8"
"item2","item4","item6","item8"
"item2","item5"
"item2","item6"
"item2","item5"
"item1","item2","item3","item4","item5","item6","item9"
"item1","item4","item9"
"item2","item4","item5","item6"
"item2","item5","item9"
"item2","item4","item6","item8"
"item1","item2","item4","item6","item9"
"item2","item5","item6","item9"
"item2","item9"
"item2","item6","item9"
"item1","item3","item8","item9"
"item2","item4","item5","item6","item8"
"item2","item5"
"item2"
"item2","item4","item6","item8"
"item1","item2","item4","item5","item9"
"item3","item4","item9"
"item1","item2","item6","item9"
"item2","item4","item6"
"item1","item2","item4","item5","item6","item9"
"item2","item4","item5","item9"
"item2","item5","item6","item9"
"item4"
"item2","item9"
"item2","item4","item6","item8","item9"
"item1","item2","item4","item5","item9"
"item2","item6"
"item5"
"item2","item4","item5"
"item2","item3","item4","item8"
"item4","item5","item6"
"item2","item5"
"item2","item9"
"item2","item3","item9"
"item6","item8"
"item2","item6","item9"
"item2","item4","item6","item8"
"item2","item5"
"item2","item4","item6"
"item2","item5","item6","item9"
"item1","item9"
"item5","item9"
"item1","item2","item4"
"item1"
"item1","item2","item4","item5","item9"
"item1","item2","item4","item5"
"item1","item2","item5","item9"
"item2","item4","item9"
"item2","item4","item5","item6","item8","item9"
"item2","item3","item4"
"item2","item3"
"item4","item9"
"item2","item4","item5","item6"
"item2","item5","item9"
"item2","item4","item5","item9"
"item1","item2","item3","item9"
"item1","item2","item5","item6"
"item2","item3","item4","item6","item8"
"item2","item4","item5","item9"
"item5"
"item4","item5","item6"
"item4","item5","item6"
"item2","item5","item9"
"item2","item9"
"item2","item5"
"item2","item4","item6","item9"
"item1","item2","item4","item5","item6","item9"
"item2","item3","item4","item5","item6","item9"
"item2"
"item2","item5","item6","item9"
"item2","item5","item6","item8"
"item2","item4","item5","item6"
"item2","item5","item6"
"item6","item9"
"item2","item3","item4","item5","item6","item9"
"item1","item2","item9"
"item1","item2","item3","item4","item5","item6"
"item2","item4"
"item2","item9"
"item1","item2","item4","item5","item9"
"item2","item3","item4","item6","item9"
"item5","item6"
"item1","item2","item3","item4","item5","item6","item9"
"item1","item2","item3","item4","item5","item6","item8","item9"
"item2","item4","item6"
"item2","item6"
"item1","item2","item4","item5","item9"
"item2","item5","item6","item9"
"item1","item2","item5","item6","item9"
"item5","item9"
"item2","item3","item6","item9"
"item1","item6"
"item4","item6"
"item1","item4","item5","item9"
"item4","item5","item6","item9"
"item2","item6","item9"
"item1","item2","item3","item4","item5","item6","item9"
"item1","item2","item4","item9"
"item1","item3","item4","item6"
"item1","item4"
"item2","item4","item5","item6","item9"
"item2","item3","item4","item5","item6","item9"
"item1","item6"
"item2","item5"
"item1","item2","item6","item9"
"item2","item3","item5"
"item2","item9"
"item5"
"item2"
"item2"
"item6","item9"
"item1","item2","item4","item6","item9"
"item2","item5","item6","item9"
"item1","item2","item3","item4","item5","item6","item9"
"item1","item8","item9"
"item2","item6"
"item2","item4","item5","item6","item9"
"item1","item2","item4","item5","item6","item9"
"item2","item4","item6","item8"
"item2","item5"
"item1","item2","item9"
"item5","item9"
"item1","item2","item3","item5","item6"
"item2","item9"
"item2","item9"
"item2","item5","item6","item8"
"item2","item4","item9"
"item2","item5","item9"
"item2","item4","item5"
"item2","item6","item9"
"item1","item2","item4","item5","item6","item9"
"item4","item5","item6"
"item6"
"item2","item3","item6","item8","item9"
"item2","item4","item9"
"item2","item3"
"item5","item6","item9"
"item4","item5","item6","item9"
"item4"
"item5","item9"
"item2","item4","item6"
"item1"
"item6"
"item1","item2","item3","item4"
"item2","item4","item6","item9"
"item1","item2"
"item2","item3","item4","item6","item8"
"item1","item2","item9"
"item5","item9"
"item1","item9"
"item1","item2","item4","item9"
"item1","item2","item6"
"item2","item3","item9"
"item1","item2","item3","item4","item5","item6","item9"
"item2","item3","item9"
"item6","item9"
"item2","item4","item6","item8"
"item2","item3","item9"
"item2","item9"
"item1","item2","item4","item9"
"item1","item2","item4","item6","item8"
"item1","item2","item5"
"item3","item5","item9"
"item3"
"item2","item9"
"item1","item2"
"item2","item4","item6","item8"
"item1","item5","item6","item9"
"item2","item5"
"item5"
"item1","item2","item3","item4","item5","item6","item9"
"item1","item6"
"item4","item6"
"item2","item4"
"item2","item4","item6"
"item2","item5","item6"
"item2","item3","item9"
"item1","item4","item9"
"item2","item4","item5","item8"
"item2","item4","item6","item9"
"item2","item4","item8"
"item1","item2","item3","item4","item5","item6","item9"
"item2","item4","item9"
"item9"
"item5","item9"
"item1","item2","item3","item4","item5","item9"
"item1","item2","item4","item5","item6","item9"
"item2","item4","item6","item8"
"item2","item9"
"item6","item9"
"item1","item3"
"item4","item5"
"item1","item3","item8","item9"
"item1","item2","item9"
"item2","item4","item6","item8"
"item1","item2"
"item2","item6"
"item1","item2","item5","item6"
"item1","item2","item5","item9"
"item1","item2","item5","item6","item9"
"item2","item5","item9"
"item2","item9"
"item2","item5","item6"
"item1","item2","item3","item4","item5","item6","item9"
"item2","item4","item6"
"item1"
"item2","item3","item5","item9"
"item1","item2","item9"
"item6"
"item2","item3","item6","item9"
"item1","item3","item4","item6"
"item2","item4","item5","item6"
"item2","item3","item5","item6","item9"
"item2","item6"
"item5","item9"
"item2","item5"
"item2","item4","item5","item6","item9"
"item1","item2","item3","item5","item6"
"item2","item4","item5","item6","item8","item9"
"item1","item2","item4"
"item1","item2","item6","item9"
"item2","item9"
"item2","item4","item5"
"item3","item9"
"item2","item4","item5"
"item1","item9"
"item2","item5","item6","item8"
"item1","item2","item4","item6","item9"
"item2","item3","item5","item9"
"item2","item4","item9"
"item1","item2","item3","item6","item9"
"item2","item4","item5","item8"
"item1","item3"
"item1","item2","item6","item9"
"item1","item2","item4","item6","item9"
"item2","item5"
"item1","item2","item4","item5","item6","item9"
"item1","item3","item4","item6"
"item1","item2","item3","item5","item9"
"item2","item4","item5"
"item2","item5","item6"
"item2","item4","item5","item6"
"item6","item9"
"item2","item5","item9"
"item1","item2","item3","item4","item5","item6","item9"
"item1","item2"
"item4","item6"
"item2","item4","item6","item8"
"item4","item5"
"item2","item3","item6","item9"
"item2","item5","item6","item9"
"item2","item5","item9"
"item2","item5","item6"
"item2","item4","item9"
"item4","item5"
"item2","item3","item4","item5","item6","item8","item9"
"item1","item2","item4","item5","item9"
"item2","item5","item6"
"item1","item3","item9"
"item4","item6"
"item2","item5","item6","item9"
"item6"
"item1","item2","item3","item4","item5","item6","item9"
"item2","item9"
"item2","item4","item5","item9"
"item4","item5","item6"
"item2","item5","item6","item9"
"item5","item6"
"item1","item2","item4","item5","item6"
"item2","item5","item9"
"item1"
"item1","item2","item6"
"item1","item2","item3","item5","item6","item9"
"item2","item5","item9"
"item6","item9"
"item1","item2","item4","item6","item9"
"item1","item2","item4","item5"
"item5","item9"
"item1","item2","item3","item4","item5","item9"
"item1","item2","item4","item5"
"item1"
"item2","item4","item5"
"item1","item2","item5","item6"
"item2","item4","item6"
"item2","item6","item8"
"item1","item2","item6","item8"
"item2","item4","item5","item6","item8"
"item1","item2","item4","item5","item6","item9"
"item1","item4","item6"
"item2","item5","item9"
"item1","item2"
"item6","item9"
"item2","item3","item4","item6"
"item2","item3","item9"
"item1","item9"
"item2","item6","item9"
"item2","item3"
"item1","item3","item4","item6"
"item1","item2","item3","item4","item5","item9"
"item1","item4","item6"
"item2","item4","item6","item9"
"item2","item4","item5","item6","item9"
"item1","item2","item3","item6","item8","item9"
"item1","item2","item3","item4"
"item2","item4","item6","item8"
"item2","item5","item6","item8","item9"
"item1","item2","item3","item5","item6","item9"
"item2","item3"
"item2","item5","item9"
"item2","item9"
"item9"
"item2","item4","item6","item8"
"item2","item4"
"item2","item6"
"item2","item3","item5","item9"
"item2","item5","item9"
"item2","item4","item5"
"item2"
"item1","item2","item3","item4"
"item2"
"item2","item4","item6","item8"
"item2","item5","item9"
"item1","item2","item3","item5","item6","item9"
"item2","item3","item9"
"item2","item4","item6","item9"
"item2","item6","item9"
"item4","item5","item6"
"item2","item3","item4"
"item1","item2","item4","item5","item9"
"item4"
"item2","item9"
"item2","item4","item6","item9"
"item2","item9"
"item1","item2","item9"
"item1","item2","item4","item6","item9"
"item1","item2","item4","item5","item6","item9"
"item1","item2","item4","item5","item6"
"item1","item2","item4","item5"
"item2","item5","item9"
"item1","item4","item9"
"item2","item4","item6"
"item2","item5","item9"
"item1","item2","item4"
"item2","item5","item9"
"item9"
"item1","item2","item4","item6","item9"
"item2","item5","item6","item8"
"item2","item5","item6"
"item2","item5","item9"
"item1","item4"
"item2","item3","item5","item9"
"item1","item2","item4"
"item2","item9"
"item2","item4","item5","item6"
"item2","item4","item6"
"item1","item2","item3","item5","item6","item9"
"item2","item4"
"item1","item2","item5","item6"
"item2"
"item2"
"item2","item5","item6","item9"
"item2","item4","item6","item8"
"item2","item4","item5","item6","item9"
"item2","item5","item9"
"item2","item9"
"item1","item2","item4","item5","item6","item9"
"item5","item9"
"item2","item6"
"item1","item2","item5","item6"
"item1","item2"
"item2","item3","item6"
"item2","item3","item4"
"item2","item5"
"item2","item5","item6","item9"
"item2","item5","item6","item9"
"item2","item9"
"item2","item9"
"item1","item2","item3","item4","item5","item6","item9"
"item2","item4","item6"
"item2","item3","item6","item9"
"item2","item4","item6"
"item1","item2","item3","item4","item5","item6","item9"
"item2","item5","item6","item9"
"item1","item2","item3","item5","item6","item9"
"item9"
"item1","item2","item3","item5","item6","item9"
"item2","item3","item6","item9"
"item1","item2","item3","item4","item6","item9"
"item1","item2","item4","item6","item9"
"item1","item2","item4","item5","item9"
"item1","item2","item4"
"item2","item3","item9"
"item1","item2","item3","item4","item5","item9"
"item1","item2","item4","item5","item6"
"item1","item2","item4","item6","item9"
"item2","item5","item6","item8"
"item1","item2"
"item6","item8"
"item2","item4","item6","item8"
"item1","item2"
"item2","item3"
"item2","item3","item4","item6","item8","item9"
"item1","item2","item9"
"item2","item5","item9"
"item1","item2","item9"
"item3"
"item1","item4"
"item2","item9"
"item2","item5","item9"
"item2","item5","item9"
"item1","item2","item3","item4","item5","item6","item9"
"item6","item9"
"item1","item4"
"item2","item5","item6","item9"
"item2","item4","item6","item9"
"item1"
"item1","item2","item4","item5","item6","item9"
"item2","item4","item5","item8"
"item2","item5","item9"
"item1","item3","item4","item6"
"item2","item5","item6","item8"
"item1","item2","item4","item5","item6"
"item4","item6"
"item1","item2","item3","item4","item9"
"item1","item2","item9"
"item2","item4","item8"
"item2","item3","item9"
"item2","item8"
"item2","item4","item9"
"item2","item4","item9"
"item3"
"item2","item5"
"item1","item2","item3","item4","item5","item6","item9"
"item2","item9"
"item1","item2","item5","item6","item9"
"item2","item9"
"item1","item2","item5","item6","item9"
"item1","item2","item4","item5","item9"
"item1","item2","item4","item5","item6","item9"
"item1","item2","item6"
"item2","item5","item9"
"item2","item9"
"item2","item4","item5","item6","item8","item9"
"item2","item4","item5","item9"
"item2","item9"
"item2","item5"
"item2","item4","item6"
"item1","item2","item3","item4","item5","item6","item9"
"item2","item5"
"item1","item2","item3","item4","item5","item6","item9"
"item1","item2","item5","item6"
"item2","item3","item9"
"item1","item2","item4","item9"
"item1","item2","item5","item6"
"item1"
"item1","item2","item9"
"item2","item5","item9"
"item1","item2","item4","item5","item6","item9"
"item1","item2","item3","item5","item6","item9"
"item4","item6","item9"
"item2","item3","item4"
"item1","item2","item5","item6"
"item2","item4","item6","item8"
"item2","item5","item9"
"item2","item4","item5"
"item1","item2","item5","item6"
"item4","item6","item9"
"item1","item3","item4","item6"
"item2","item5","item6","item9"
"item2","item3","item5"
"item4","item5","item6"
"item4","item5","item6"
"item1","item2","item5","item6"
"item1","item9"
"item6","item9"
"item2","item5","item6"
"item2","item5","item6","item9"
"item2","item5","item9"
"item2","item5","item9"
"item2","item3","item6","item8","item9"
"item1","item2","item3","item9"
"item1","item2","item4","item9"
"item4","item6","item8"
"item2","item5","item9"
"item2","item4","item9"
"item2","item6","item9"
"item2","item4","item5","item6","item8","item9"
"item4","item5","item6","item9"
"item1","item2","item3","item4","item5","item6","item9"
"item2","item4","item6","item9"
"item2","item4","item6","item9"
"item2","item9"
"item2","item3","item9"
"item1","item2","item3","item5","item6","item9"
"item2","item3","item9"
"item1","item2","item3","item5","item9"
"item2","item5","item6"
"item2","item3","item4","item5","item6"
"item2","item3","item5","item8","item9"
"item1","item9"
"item2","item3","item9"
"item1","item4","item9"
"item1","item2","item4","item5","item6","item9"
"item2","item3","item5","item6","item9"
"item2","item6"
"item3","item9"
"item2","item5","item9"
"item1","item2","item4","item9"
"item2","item4","item6","item8"
"item1","item2"
"item2","item4","item6","item8"
"item1","item2","item5","item6"
"item1","item2","item4","item9"
"item1"
"item1","item5"
"item1","item2","item4","item5"
"item1","item3","item8","item9"
"item2","item3","item6","item9"
"item3","item9"
"item1","item2","item3","item6","item9"
"item1","item2"
"item3","item4","item8"
"item2","item9"
"item1","item2","item3","item5","item6"
"item1","item4"
"item1","item2","item3","item4","item5","item6","item8","item9"
"item2","item4","item5","item9"
"item1","item2","item4","item9"
"item1","item2","item4","item5","item8"
"item1","item2","item4","item6","item9"
"item1","item2","item6","item9"
"item1","item2","item4"
"item1","item3","item8","item9"
"item2","item5","item9"
"item2","item9"
"item1","item2","item3","item4","item5","item6","item9"
"item2","item4","item6","item8"
"item2","item5"
"item2","item4","item6","item9"
"item1","item9"
"item2","item5","item9"
"item4"
"item1","item2","item5","item6"
"item1","item2","item4","item5"
"item1","item6"
"item1","item2","item3","item4","item5","item6","item9"
"item2","item9"
"item2","item9"
"item2","item6"
"item4","item5","item6"
"item2","item5","item9"
"item2","item4","item5","item6"
"item1","item2","item9"
"item1","item2","item3","item4","item6","item8","item9"
"item2","item5"
"item2","item3","item4","item6","item9"
"item1","item2","item5","item9"
"item1","item2","item3","item4","item5","item6","item8","item9"
"item2","item5","item6"
"item1","item2","item9"
"item2","item4","item6","item9"
"item1","item2","item4","item5"
"item2","item5","item9"
"item1","item2","item6","item9"
"item2"
"item4","item6"
"item1","item2","item6","item9"
"item1","item2","item4","item5"
"item1","item4","item9"
"item1","item2","item9"
"item2","item9"
"item1","item3","item8","item9"
"item1","item4","item9"
"item2","item3"
"item2","item4","item6"
"item5","item6"
"item2","item3","item5","item9"
"item1","item2","item9"
"item1","item2","item3","item4","item5","item6","item9"
"item2","item4","item5","item8"
"item6","item9"
"item1","item2","item4","item9"
"item1","item2","item4","item5"
"item4","item5","item6"
"item1","item2","item4","item9"
"item2","item5"
"item2","item8"
"item2","item4","item5","item9"
"item2","item9"
"item2","item4","item5"
"item1","item2","item5","item6","item9"
"item1","item2","item4","item6","item9"
"item1","item2"
"item2","item5","item6","item8"
"item2","item3","item6","item9"
"item2","item3","item4","item6","item8","item9"
"item2","item5"
"item2","item5","item9"
"item2","item3"
"item1","item2","item4","item6"
"item1","item2","item4","item5","item6","item9"
"item1","item2","item4","item5","item6","item9"
"item4","item5","item6"
"item2","item4","item5"
"item2","item5","item9"
"item2","item4","item5","item9"
"item2"
"item2","item4","item6","item9"
"item5","item6","item9"
"item1","item2","item4"
"item1","item2","item3","item4","item6"
"item2","item4","item6","item8"
"item2"
"item2","item3","item4","item8"
"item2","item9"
"item2","item6","item9"
"item3","item8"
"item2","item4","item8"
"item1"
"item3","item4","item6"
"item2","item4","item6"
"item2","item4","item6","item9"
"item2","item6"
"item1","item2","item6","item9"
"item1"
"item2","item5","item6","item8","item9"
"item1","item4","item6"
"item2","item3","item4","item5","item6","item9"
"item2","item4","item6"
"item2","item9"
"item2","item5"
"item1","item4"
"item4","item5","item6","item9"
"item2","item4","item5"
"item2","item5"
"item6","item9"
"item1","item2","item5","item6"
"item2","item4","item6"
"item1","item2","item4","item6","item9"
"item6"
"item1","item3","item4","item9"
"item6"
"item2","item4","item9"
"item2","item4","item9"
"item2","item5"
"item2","item9"
"item1","item2","item3","item9"
"item2","item9"
"item2","item5","item9"
"item2","item4","item6","item9"
"item2","item3","item6","item9"
"item2","item3","item6","item9"
"item2","item6","item9"
"item1","item6"
"item2","item5","item6","item8"
"item2","item4","item5","item6"
"item2","item4","item6","item9"
"item2","item5","item9"
"item1","item2","item5","item6"
"item2","item5","item9"
"item2","item5"
"item2","item5","item9"
"item2"
"item4","item6"
"item2","item3","item6"
"item2"
"item1","item3","item4","item6"
"item2","item3","item4","item6","item8","item9"
"item2"
"item1","item2","item3","item6"
"item2","item5","item9"
"item1","item2","item4","item5","item8","item9"
"item2","item5","item6","item8","item9"
"item1","item2","item4"
"item2","item3","item6","item9"
"item4"
"item2","item9"
"item1","item2","item4","item5","item6","item9"
"item2"
"item2","item5","item6"
"item2","item8"
"item2","item3","item4","item8"
"item1","item2","item4","item5"
"item1","item2","item3","item4","item9"
"item1","item6"
"item2","item4","item5","item9"
"item1","item2","item6","item9"
"item2","item5","item9"
"item2","item6"
"item1","item3","item4","item6"
"item2","item5","item9"
"item2","item3","item4","item6","item8","item9"
"item2","item5","item6"
"item2","item5","item6","item9"
"item1","item2","item3","item5","item6","item9"
"item4","item6","item9"
"item2","item5","item6"
"item9"
"item5"
"item4","item8"
"item1","item6"
"item1","item2","item4"
"item2","item3","item4","item8"
"item1","item2","item4","item9"
"item1","item2","item5","item6","item9"
"item1","item2","item4","item5"
"item2"
"item1","item2","item4","item5","item6","item9"
"item1","item4","item5","item6","item9"
"item1","item2","item5","item6"
"item1","item2"
"item4","item5","item6","item9"
"item4","item5","item6"
"item1","item2","item5","item9"
"item1","item4","item6","item9"
"item2","item4"
"item2","item3","item5","item9"
"item5","item9"
"item1","item2","item4","item9"
"item1","item2","item4","item9"
"item2","item5","item9"
"item2","item3","item4","item8"
"item1","item2","item3","item5","item6","item9"
"item1","item2","item6","item9"
"item2","item4","item5","item6"
"item2","item4","item9"
"item2","item5"
"item2","item4","item6","item8"
"item6"
"item2","item3","item4","item5","item6","item9"
"item2","item4","item5","item9"
"item2","item9"
"item2","item4","item6"
"item1","item2","item5","item6"
"item2","item4","item9"
"item1","item2","item4","item9"
"item1","item3","item4","item6"
"item2","item4","item8"
"item1","item2","item4","item5","item6","item8","item9"
"item1","item2","item4","item9"
"item1","item2"
"item6","item9"
"item2","item3","item4","item5","item8","item9"
"item1","item2","item5","item6"
"item1","item2"
"item1","item6"
"item2","item5"
"item2","item4","item6","item8"
"item1","item2","item6","item9"
"item3"
"item1"
"item2","item4","item9"
"item3","item9"
"item2","item4","item6","item9"
"item2","item5","item9"
"item1","item2","item4","item5","item9"
"item2","item5","item6"
"item2","item5","item9"
"item1","item2","item4","item6","item9"
"item2"
"item9"
"item1","item2","item5","item6","item9"
"item2","item6","item9"
"item2","item4","item5","item8"
"item1","item4"
"item1","item2","item5","item6"
"item2","item4","item6","item8"
"item2","item5","item9"
"item2","item3","item6"
"item2","item4","item5"
"item2","item3","item9"
"item1","item2"
"item2","item4","item6","item8"
"item5","item9"
"item2","item3","item9"
"item1","item2","item4","item8"
"item2","item5","item6","item9"
"item1","item2","item4","item6","item9"
"item2","item5","item6","item9"
"item2","item4","item6","item8"
"item2","item4","item5"
"item1","item2","item4","item5","item9"
"item2","item5","item6","item9"
"item4","item5","item6","item9"
"item1","item2","item9"
"item2","item6"
"item1","item2","item6"
"item1","item2","item4","item9"
"item2","item6"
"item2","item3","item9"
"item2","item9"
"item2","item4","item6"
"item1","item2","item4","item5"
"item1","item2","item4","item9"
"item1","item2","item4","item6","item8"
"item2","item6","item9"
"item1","item2","item6"
"item4","item6"
"item1","item3","item8","item9"
"item9"
"item1"
"item2","item4","item6","item8","item9"
"item1","item5","item6","item9"
"item1","item2","item3","item4","item5","item6","item9"
"item1","item2","item4"
"item2","item4","item6","item9"
"item1","item2","item9"
"item1","item2","item4","item9"
"item2"
"item1","item2","item3","item4","item5","item6","item9"
"item1","item2","item3","item4","item5","item6","item9"
"item2","item4","item6"
"item1","item2","item4","item6"
"item2","item5","item6","item9"
"item2"
"item2","item5","item6","item8"
"item2","item5","item6","item8"
"item1","item2","item6","item9"
"item3","item9"
"item2","item9"
"item5","item9"
"item2","item4","item9"
"item4"
"item2","item3","item9"
"item2","item6"
"item2","item9"
"item1","item2","item4","item5","item9"
"item2","item6"
"item1","item2","item4","item6","item9"
"item2","item3","item6","item9"
"item2","item3","item4"
"item1","item2","item6"
"item2","item4","item6"
"item1","item2","item4","item5","item6","item9"
"item2"
"item2","item3","item4","item8"
"item1","item2","item3","item4","item5","item6","item9"
"item2","item4","item5","item9"
"item2","item3","item4","item8"
"item1","item2","item3","item4","item5","item6","item9"
"item2","item4","item5"
"item1","item2","item4","item6","item9"
"item2","item4","item6","item9"
"item1","item2","item4","item5","item6","item9"
"item4"
"item2","item9"
"item2","item5","item9"
"item1","item2","item3","item4","item5","item6","item9"
"item2","item5","item9"
"item1","item2","item3","item4","item9"
"item2","item5","item9"
"item6","item9"
"item6","item8"
"item2","item4"
"item2","item4"
"item2","item3","item5","item6"
"item1","item2","item4","item6","item8"
"item1","item2","item3","item4","item5","item6","item9"
"item1","item9"
